id,category
0,educacao
1,tec
2,equilibrioesaude
3,tec
4,educacao
5,ciencia
6,turismo
7,equilibrioesaude
8,ciencia
9,equilibrioesaude
10,turismo
11,empreendedorsocial
12,comida
13,equilibrioesaude
14,tec
15,turismo
16,tec
17,sobretudo
18,turismo
19,empreendedorsocial
20,empreendedorsocial
21,turismo
22,ciencia
23,comida
24,ciencia
25,ciencia
26,ciencia
27,sobretudo
28,ambiente
29,ambiente
30,turismo
31,ambiente
32,ambiente
33,educacao
34,tec
35,tec
36,ambiente
37,equilibrioesaude
38,ambiente
39,educacao
40,ciencia
41,ciencia
42,educacao
43,tec
44,educacao
45,tec
46,sobretudo
47,turismo
48,turismo
49,turismo
50,turismo
51,equilibrioesaude
52,comida
53,tec
54,tec
55,turismo
56,equilibrioesaude
57,ciencia
58,sobretudo
59,tec
60,educacao
61,sobretudo
62,turismo
63,equilibrioesaude
64,educacao
65,ciencia
66,sobretudo
67,tec
68,empreendedorsocial
69,turismo
70,empreendedorsocial
71,educacao
72,educacao
73,ciencia
74,ambiente
75,ciencia
76,turismo
77,empreendedorsocial
78,comida
79,educacao
80,ciencia
81,sobretudo
82,educacao
83,comida
84,equilibrioesaude
85,tec
86,sobretudo
87,tec
88,tec
89,sobretudo
90,comida
91,sobretudo
92,comida
93,turismo
94,empreendedorsocial
95,turismo
96,equilibrioesaude
97,ambiente
98,turismo
99,educacao
100,ambiente
101,empreendedorsocial
102,ambiente
103,empreendedorsocial
104,tec
105,ciencia
106,ciencia
107,educacao
108,turismo
109,tec
110,sobretudo
111,turismo
112,comida
113,equilibrioesaude
114,tec
115,equilibrioesaude
116,ambiente
117,comida
118,ciencia
119,tec
120,ciencia
121,turismo
122,sobretudo
123,comida
124,turismo
125,turismo
126,ciencia
127,equilibrioesaude
128,turismo
129,sobretudo
130,turismo
131,sobretudo
132,comida
133,comida
134,tec
135,tec
136,turismo
137,tec
138,ambiente
139,tec
140,equilibrioesaude
141,ambiente
142,equilibrioesaude
143,educacao
144,empreendedorsocial
145,empreendedorsocial
146,equilibrioesaude
147,turismo
148,equilibrioesaude
149,turismo
150,comida
151,turismo
152,tec
153,tec
154,ambiente
155,tec
156,equilibrioesaude
157,educacao
158,educacao
159,educacao
160,equilibrioesaude
161,educacao
162,educacao
163,turismo
164,educacao
165,educacao
166,equilibrioesaude
167,comida
168,empreendedorsocial
169,turismo
170,empreendedorsocial
171,tec
172,tec
173,turismo
174,ciencia
175,ambiente
176,tec
177,ciencia
178,equilibrioesaude
179,tec
180,ciencia
181,educacao
182,equilibrioesaude
183,ciencia
184,comida
185,turismo
186,tec
187,comida
188,comida
189,sobretudo
190,tec
191,educacao
192,tec
193,sobretudo
194,educacao
195,turismo
196,equilibrioesaude
197,tec
198,equilibrioesaude
199,tec
200,equilibrioesaude
201,ciencia
202,educacao
203,empreendedorsocial
204,turismo
205,ambiente
206,turismo
207,ciencia
208,equilibrioesaude
209,turismo
210,tec
211,tec
212,comida
213,turismo
214,tec
215,empreendedorsocial
216,equilibrioesaude
217,tec
218,ambiente
219,sobretudo
220,sobretudo
221,equilibrioesaude
222,ciencia
223,tec
224,turismo
225,ciencia
226,empreendedorsocial
227,equilibrioesaude
228,educacao
229,ciencia
230,equilibrioesaude
231,educacao
232,turismo
233,ciencia
234,equilibrioesaude
235,educacao
236,sobretudo
237,comida
238,tec
239,educacao
240,turismo
241,turismo
242,comida
243,comida
244,educacao
245,educacao
246,equilibrioesaude
247,ciencia
248,empreendedorsocial
249,ciencia
250,educacao
251,equilibrioesaude
252,educacao
253,educacao
254,educacao
255,educacao
256,ambiente
257,comida
258,sobretudo
259,tec
260,sobretudo
261,equilibrioesaude
262,equilibrioesaude
263,tec
264,educacao
265,ciencia
266,sobretudo
267,tec
268,educacao
269,educacao
270,turismo
271,turismo
272,educacao
273,tec
274,comida
275,educacao
276,tec
277,turismo
278,turismo
279,educacao
280,tec
281,sobretudo
282,educacao
283,educacao
284,empreendedorsocial
285,equilibrioesaude
286,tec
287,turismo
288,ciencia
289,ciencia
290,turismo
291,tec
292,educacao
293,turismo
294,empreendedorsocial
295,ciencia
296,educacao
297,turismo
298,tec
299,educacao
300,educacao
301,equilibrioesaude
302,ciencia
303,turismo
304,tec
305,tec
306,educacao
307,tec
308,tec
309,equilibrioesaude
310,empreendedorsocial
311,educacao
312,educacao
313,equilibrioesaude
314,sobretudo
315,educacao
316,ciencia
317,educacao
318,empreendedorsocial
319,educacao
320,ciencia
321,turismo
322,turismo
323,empreendedorsocial
324,tec
325,turismo
326,ambiente
327,equilibrioesaude
328,equilibrioesaude
329,comida
330,tec
331,tec
332,educacao
333,tec
334,educacao
335,comida
336,sobretudo
337,ciencia
338,turismo
339,educacao
340,comida
341,sobretudo
342,tec
343,turismo
344,turismo
345,turismo
346,sobretudo
347,educacao
348,tec
349,educacao
350,tec
351,educacao
352,ciencia
353,educacao
354,comida
355,empreendedorsocial
356,turismo
357,educacao
358,turismo
359,sobretudo
360,tec
361,educacao
362,ciencia
363,equilibrioesaude
364,turismo
365,tec
366,tec
367,educacao
368,tec
369,tec
370,tec
371,tec
372,comida
373,ciencia
374,educacao
375,ciencia
376,turismo
377,educacao
378,ambiente
379,tec
380,tec
381,turismo
382,equilibrioesaude
383,turismo
384,equilibrioesaude
385,turismo
386,empreendedorsocial
387,comida
388,comida
389,tec
390,ciencia
391,turismo
392,tec
393,empreendedorsocial
394,equilibrioesaude
395,educacao
396,educacao
397,ciencia
398,ambiente
399,ciencia
400,equilibrioesaude
401,equilibrioesaude
402,turismo
403,ciencia
404,tec
405,equilibrioesaude
406,comida
407,educacao
408,tec
409,ciencia
410,sobretudo
411,tec
412,tec
413,equilibrioesaude
414,comida
415,ciencia
416,turismo
417,equilibrioesaude
418,comida
419,comida
420,comida
421,sobretudo
422,tec
423,tec
424,comida
425,educacao
426,turismo
427,empreendedorsocial
428,tec
429,equilibrioesaude
430,tec
431,tec
432,turismo
433,turismo
434,turismo
435,equilibrioesaude
436,turismo
437,equilibrioesaude
438,ambiente
439,ciencia
440,comida
441,turismo
442,ciencia
443,comida
444,turismo
445,ciencia
446,ambiente
447,equilibrioesaude
448,ambiente
449,ciencia
450,sobretudo
451,equilibrioesaude
452,tec
453,sobretudo
454,ciencia
455,equilibrioesaude
456,ambiente
457,educacao
458,educacao
459,educacao
460,turismo
461,comida
462,ciencia
463,tec
464,educacao
465,equilibrioesaude
466,tec
467,educacao
468,comida
469,turismo
470,tec
471,sobretudo
472,tec
473,ciencia
474,educacao
475,educacao
476,educacao
477,comida
478,equilibrioesaude
479,turismo
480,tec
481,empreendedorsocial
482,empreendedorsocial
483,educacao
484,tec
485,equilibrioesaude
486,turismo
487,tec
488,educacao
489,tec
490,comida
491,turismo
492,turismo
493,tec
494,educacao
495,empreendedorsocial
496,educacao
497,turismo
498,ciencia
499,educacao
500,tec
501,ambiente
502,turismo
503,tec
504,turismo
505,tec
506,tec
507,tec
508,ambiente
509,sobretudo
510,tec
511,educacao
512,sobretudo
513,educacao
514,turismo
515,ciencia
516,empreendedorsocial
517,educacao
518,equilibrioesaude
519,turismo
520,equilibrioesaude
521,comida
522,tec
523,sobretudo
524,empreendedorsocial
525,comida
526,equilibrioesaude
527,tec
528,tec
529,equilibrioesaude
530,tec
531,turismo
532,sobretudo
533,tec
534,ciencia
535,tec
536,educacao
537,turismo
538,comida
539,empreendedorsocial
540,empreendedorsocial
541,sobretudo
542,ciencia
543,educacao
544,educacao
545,ambiente
546,equilibrioesaude
547,comida
548,turismo
549,ciencia
550,tec
551,empreendedorsocial
552,ciencia
553,tec
554,comida
555,sobretudo
556,sobretudo
557,ciencia
558,tec
559,tec
560,turismo
561,comida
562,turismo
563,comida
564,empreendedorsocial
565,tec
566,turismo
567,educacao
568,ciencia
569,educacao
570,educacao
571,empreendedorsocial
572,tec
573,educacao
574,empreendedorsocial
575,turismo
576,educacao
577,educacao
578,turismo
579,sobretudo
580,sobretudo
581,turismo
582,tec
583,turismo
584,tec
585,ciencia
586,turismo
587,equilibrioesaude
588,empreendedorsocial
589,turismo
590,educacao
591,educacao
592,equilibrioesaude
593,equilibrioesaude
594,equilibrioesaude
595,tec
596,tec
597,tec
598,tec
599,educacao
600,equilibrioesaude
601,turismo
602,comida
603,educacao
604,educacao
605,turismo
606,educacao
607,educacao
608,turismo
609,ambiente
610,educacao
611,ciencia
612,turismo
613,ciencia
614,educacao
615,comida
616,educacao
617,ciencia
618,turismo
619,educacao
620,tec
621,tec
622,educacao
623,turismo
624,turismo
625,empreendedorsocial
626,educacao
627,turismo
628,turismo
629,empreendedorsocial
630,tec
631,equilibrioesaude
632,equilibrioesaude
633,turismo
634,educacao
635,turismo
636,educacao
637,equilibrioesaude
638,tec
639,educacao
640,equilibrioesaude
641,empreendedorsocial
642,turismo
643,empreendedorsocial
644,tec
645,empreendedorsocial
646,equilibrioesaude
647,turismo
648,turismo
649,ciencia
650,empreendedorsocial
651,tec
652,equilibrioesaude
653,educacao
654,turismo
655,empreendedorsocial
656,educacao
657,tec
658,educacao
659,turismo
660,educacao
661,ciencia
662,comida
663,turismo
664,educacao
665,turismo
666,ambiente
667,ciencia
668,sobretudo
669,sobretudo
670,tec
671,educacao
672,sobretudo
673,turismo
674,turismo
675,ciencia
676,educacao
677,empreendedorsocial
678,turismo
679,turismo
680,equilibrioesaude
681,equilibrioesaude
682,educacao
683,ciencia
684,ciencia
685,equilibrioesaude
686,educacao
687,equilibrioesaude
688,tec
689,tec
690,tec
691,ambiente
692,educacao
693,ciencia
694,ambiente
695,tec
696,equilibrioesaude
697,sobretudo
698,tec
699,equilibrioesaude
700,turismo
701,turismo
702,ciencia
703,tec
704,tec
705,tec
706,tec
707,educacao
708,empreendedorsocial
709,ambiente
710,equilibrioesaude
711,educacao
712,sobretudo
713,ciencia
714,empreendedorsocial
715,turismo
716,equilibrioesaude
717,ambiente
718,turismo
719,ciencia
720,tec
721,ciencia
722,educacao
723,equilibrioesaude
724,tec
725,equilibrioesaude
726,ciencia
727,tec
728,sobretudo
729,educacao
730,turismo
731,ciencia
732,ciencia
733,equilibrioesaude
734,empreendedorsocial
735,comida
736,ambiente
737,educacao
738,tec
739,equilibrioesaude
740,tec
741,equilibrioesaude
742,turismo
743,turismo
744,empreendedorsocial
745,ambiente
746,empreendedorsocial
747,equilibrioesaude
748,equilibrioesaude
749,sobretudo
750,comida
751,turismo
752,turismo
753,educacao
754,turismo
755,ciencia
756,tec
757,educacao
758,educacao
759,ambiente
760,turismo
761,tec
762,educacao
763,educacao
764,tec
765,turismo
766,tec
767,equilibrioesaude
768,educacao
769,sobretudo
770,educacao
771,comida
772,turismo
773,ciencia
774,educacao
775,equilibrioesaude
776,equilibrioesaude
777,empreendedorsocial
778,tec
779,ciencia
780,empreendedorsocial
781,tec
782,equilibrioesaude
783,educacao
784,ciencia
785,turismo
786,equilibrioesaude
787,educacao
788,comida
789,educacao
790,turismo
791,sobretudo
792,sobretudo
793,comida
794,educacao
795,ciencia
796,tec
797,turismo
798,turismo
799,equilibrioesaude
800,educacao
801,empreendedorsocial
802,turismo
803,empreendedorsocial
804,tec
805,tec
806,tec
807,ciencia
808,empreendedorsocial
809,turismo
810,ciencia
811,equilibrioesaude
812,sobretudo
813,educacao
814,turismo
815,sobretudo
816,turismo
817,tec
818,tec
819,tec
820,empreendedorsocial
821,equilibrioesaude
822,tec
823,sobretudo
824,empreendedorsocial
825,tec
826,sobretudo
827,empreendedorsocial
828,tec
829,educacao
830,tec
831,tec
832,educacao
833,educacao
834,ambiente
835,educacao
836,ciencia
837,equilibrioesaude
838,turismo
839,tec
840,equilibrioesaude
841,ambiente
842,comida
843,tec
844,sobretudo
845,turismo
846,turismo
847,ciencia
848,turismo
849,sobretudo
850,turismo
851,equilibrioesaude
852,equilibrioesaude
853,tec
854,educacao
855,educacao
856,tec
857,educacao
858,turismo
859,tec
860,tec
861,turismo
862,turismo
863,comida
864,comida
865,empreendedorsocial
866,educacao
867,equilibrioesaude
868,educacao
869,equilibrioesaude
870,ciencia
871,educacao
872,tec
873,tec
874,tec
875,comida
876,ciencia
877,empreendedorsocial
878,educacao
879,sobretudo
880,educacao
881,empreendedorsocial
882,educacao
883,ambiente
884,empreendedorsocial
885,turismo
886,tec
887,turismo
888,tec
889,sobretudo
890,tec
891,turismo
892,sobretudo
893,tec
894,equilibrioesaude
895,educacao
896,turismo
897,tec
898,empreendedorsocial
899,equilibrioesaude
900,tec
901,empreendedorsocial
902,empreendedorsocial
903,tec
904,turismo
905,turismo
906,tec
907,tec
908,comida
909,tec
910,ciencia
911,turismo
912,equilibrioesaude
913,turismo
914,turismo
915,comida
916,educacao
917,empreendedorsocial
918,educacao
919,sobretudo
920,educacao
921,educacao
922,educacao
923,tec
924,turismo
925,educacao
926,equilibrioesaude
927,ambiente
928,tec
929,educacao
930,empreendedorsocial
931,turismo
932,tec
933,ciencia
934,ciencia
935,ciencia
936,educacao
937,turismo
938,tec
939,ciencia
940,sobretudo
941,equilibrioesaude
942,tec
943,turismo
944,comida
945,sobretudo
946,tec
947,equilibrioesaude
948,sobretudo
949,turismo
950,turismo
951,equilibrioesaude
952,tec
953,tec
954,sobretudo
955,equilibrioesaude
956,turismo
957,equilibrioesaude
958,comida
959,educacao
960,empreendedorsocial
961,tec
962,tec
963,turismo
964,equilibrioesaude
965,tec
966,tec
967,sobretudo
968,empreendedorsocial
969,sobretudo
970,ciencia
971,turismo
972,educacao
973,comida
974,turismo
975,ciencia
976,turismo
977,educacao
978,sobretudo
979,educacao
980,educacao
981,equilibrioesaude
982,turismo
983,educacao
984,ciencia
985,sobretudo
986,educacao
987,ambiente
988,equilibrioesaude
989,tec
990,educacao
991,ciencia
992,ambiente
993,equilibrioesaude
994,educacao
995,tec
996,tec
997,educacao
998,tec
999,comida
1000,educacao
1001,ciencia
1002,ciencia
1003,comida
1004,comida
1005,empreendedorsocial
1006,equilibrioesaude
1007,tec
1008,ambiente
1009,educacao
1010,empreendedorsocial
1011,tec
1012,turismo
1013,equilibrioesaude
1014,tec
1015,educacao
1016,empreendedorsocial
1017,equilibrioesaude
1018,sobretudo
1019,sobretudo
1020,empreendedorsocial
1021,empreendedorsocial
1022,ciencia
1023,turismo
1024,equilibrioesaude
1025,comida
1026,empreendedorsocial
1027,educacao
1028,tec
1029,tec
1030,ciencia
1031,educacao
1032,tec
1033,empreendedorsocial
1034,tec
1035,tec
1036,comida
1037,turismo
1038,equilibrioesaude
1039,turismo
1040,sobretudo
1041,tec
1042,turismo
1043,educacao
1044,ambiente
1045,tec
1046,ciencia
1047,equilibrioesaude
1048,turismo
1049,turismo
1050,tec
1051,educacao
1052,equilibrioesaude
1053,turismo
1054,sobretudo
1055,turismo
1056,equilibrioesaude
1057,tec
1058,educacao
1059,equilibrioesaude
1060,sobretudo
1061,tec
1062,tec
1063,empreendedorsocial
1064,educacao
1065,ciencia
1066,equilibrioesaude
1067,turismo
1068,equilibrioesaude
1069,educacao
1070,turismo
1071,educacao
1072,sobretudo
1073,empreendedorsocial
1074,equilibrioesaude
1075,educacao
1076,equilibrioesaude
1077,tec
1078,comida
1079,turismo
1080,comida
1081,turismo
1082,empreendedorsocial
1083,tec
1084,equilibrioesaude
1085,equilibrioesaude
1086,tec
1087,turismo
1088,turismo
1089,comida
1090,educacao
1091,ciencia
1092,comida
1093,sobretudo
1094,equilibrioesaude
1095,tec
1096,turismo
1097,ciencia
1098,educacao
1099,ciencia
1100,sobretudo
1101,sobretudo
1102,tec
1103,tec
1104,educacao
1105,educacao
1106,educacao
1107,empreendedorsocial
1108,tec
1109,tec
1110,tec
1111,tec
1112,sobretudo
1113,empreendedorsocial
1114,tec
1115,ciencia
1116,sobretudo
1117,turismo
1118,educacao
1119,tec
1120,educacao
1121,ciencia
1122,educacao
1123,comida
1124,ciencia
1125,tec
1126,ciencia
1127,educacao
1128,sobretudo
1129,ambiente
1130,tec
1131,tec
1132,tec
1133,turismo
1134,sobretudo
1135,ambiente
1136,tec
1137,turismo
1138,educacao
1139,sobretudo
1140,sobretudo
1141,equilibrioesaude
1142,equilibrioesaude
1143,tec
1144,educacao
1145,sobretudo
1146,tec
1147,turismo
1148,ciencia
1149,sobretudo
1150,educacao
1151,tec
1152,sobretudo
1153,ciencia
1154,comida
1155,ciencia
1156,educacao
1157,ciencia
1158,tec
1159,equilibrioesaude
1160,educacao
1161,ciencia
1162,equilibrioesaude
1163,comida
1164,turismo
1165,comida
1166,ambiente
1167,comida
1168,turismo
1169,turismo
1170,tec
1171,sobretudo
1172,educacao
1173,turismo
1174,ciencia
1175,sobretudo
1176,educacao
1177,tec
1178,ciencia
1179,comida
1180,tec
1181,educacao
1182,turismo
1183,equilibrioesaude
1184,educacao
1185,sobretudo
1186,comida
1187,tec
1188,empreendedorsocial
1189,educacao
1190,empreendedorsocial
1191,tec
1192,tec
1193,empreendedorsocial
1194,turismo
1195,tec
1196,empreendedorsocial
1197,tec
1198,ambiente
1199,turismo
1200,turismo
1201,turismo
1202,educacao
1203,sobretudo
1204,educacao
1205,equilibrioesaude
1206,equilibrioesaude
1207,empreendedorsocial
1208,educacao
1209,tec
1210,ciencia
1211,educacao
1212,comida
1213,ciencia
1214,tec
1215,ciencia
1216,comida
1217,empreendedorsocial
1218,tec
1219,comida
1220,tec
1221,sobretudo
1222,sobretudo
1223,equilibrioesaude
1224,educacao
1225,tec
1226,equilibrioesaude
1227,educacao
1228,educacao
1229,empreendedorsocial
1230,tec
1231,empreendedorsocial
1232,sobretudo
1233,tec
1234,turismo
1235,tec
1236,tec
1237,empreendedorsocial
1238,educacao
1239,comida
1240,educacao
1241,equilibrioesaude
1242,equilibrioesaude
1243,sobretudo
1244,ciencia
1245,ciencia
1246,turismo
1247,sobretudo
1248,educacao
1249,educacao
1250,ciencia
1251,ciencia
1252,sobretudo
1253,tec
1254,educacao
1255,equilibrioesaude
1256,tec
1257,ciencia
1258,ciencia
1259,sobretudo
1260,turismo
1261,turismo
1262,educacao
1263,educacao
1264,sobretudo
1265,empreendedorsocial
1266,ambiente
1267,ciencia
1268,tec
1269,turismo
1270,ciencia
1271,comida
1272,tec
1273,equilibrioesaude
1274,equilibrioesaude
1275,ciencia
1276,sobretudo
1277,educacao
1278,sobretudo
1279,turismo
1280,turismo
1281,turismo
1282,educacao
1283,sobretudo
1284,ciencia
1285,turismo
1286,ciencia
1287,educacao
1288,educacao
1289,empreendedorsocial
1290,comida
1291,educacao
1292,ciencia
1293,sobretudo
1294,turismo
1295,empreendedorsocial
1296,sobretudo
1297,equilibrioesaude
1298,tec
1299,turismo
1300,educacao
1301,equilibrioesaude
1302,tec
1303,tec
1304,turismo
1305,turismo
1306,tec
1307,tec
1308,equilibrioesaude
1309,ciencia
1310,turismo
1311,tec
1312,empreendedorsocial
1313,ciencia
1314,comida
1315,tec
1316,turismo
1317,sobretudo
1318,turismo
1319,tec
1320,ciencia
1321,empreendedorsocial
1322,tec
1323,turismo
1324,equilibrioesaude
1325,ambiente
1326,educacao
1327,empreendedorsocial
1328,comida
1329,sobretudo
1330,tec
1331,educacao
1332,turismo
1333,turismo
1334,tec
1335,ambiente
1336,ciencia
1337,ciencia
1338,sobretudo
1339,educacao
1340,ambiente
1341,turismo
1342,educacao
1343,tec
1344,comida
1345,educacao
1346,empreendedorsocial
1347,tec
1348,sobretudo
1349,tec
1350,tec
1351,ciencia
1352,turismo
1353,turismo
1354,tec
1355,turismo
1356,educacao
1357,tec
1358,turismo
1359,ciencia
1360,ciencia
1361,sobretudo
1362,equilibrioesaude
1363,equilibrioesaude
1364,equilibrioesaude
1365,educacao
1366,sobretudo
1367,empreendedorsocial
1368,ambiente
1369,tec
1370,tec
1371,ciencia
1372,turismo
1373,tec
1374,tec
1375,ambiente
1376,tec
1377,empreendedorsocial
1378,turismo
1379,equilibrioesaude
1380,sobretudo
1381,comida
1382,equilibrioesaude
1383,empreendedorsocial
1384,tec
1385,sobretudo
1386,sobretudo
1387,educacao
1388,turismo
1389,tec
1390,equilibrioesaude
1391,tec
1392,sobretudo
1393,turismo
1394,ciencia
1395,turismo
1396,educacao
1397,ciencia
1398,turismo
1399,educacao
1400,turismo
1401,turismo
1402,ambiente
1403,equilibrioesaude
1404,turismo
1405,educacao
1406,educacao
1407,turismo
1408,ciencia
1409,educacao
1410,comida
1411,educacao
1412,educacao
1413,educacao
1414,sobretudo
1415,ciencia
1416,equilibrioesaude
1417,ciencia
1418,ciencia
1419,tec
1420,educacao
1421,tec
1422,tec
1423,comida
1424,comida
1425,educacao
1426,turismo
1427,tec
1428,comida
1429,equilibrioesaude
1430,equilibrioesaude
1431,tec
1432,tec
1433,educacao
1434,empreendedorsocial
1435,comida
1436,turismo
1437,tec
1438,sobretudo
1439,ciencia
1440,educacao
1441,comida
1442,comida
1443,tec
1444,educacao
1445,sobretudo
1446,equilibrioesaude
1447,tec
1448,ciencia
1449,turismo
1450,sobretudo
1451,ciencia
1452,tec
1453,turismo
1454,tec
1455,empreendedorsocial
1456,educacao
1457,tec
1458,turismo
1459,turismo
1460,tec
1461,ambiente
1462,educacao
1463,equilibrioesaude
1464,tec
1465,ciencia
1466,turismo
1467,ciencia
1468,empreendedorsocial
1469,tec
1470,sobretudo
1471,equilibrioesaude
1472,turismo
1473,turismo
1474,ambiente
1475,equilibrioesaude
1476,ciencia
1477,equilibrioesaude
1478,educacao
1479,educacao
1480,equilibrioesaude
1481,turismo
1482,comida
1483,tec
1484,empreendedorsocial
1485,tec
1486,turismo
1487,sobretudo
1488,tec
1489,ciencia
1490,turismo
1491,turismo
1492,equilibrioesaude
1493,educacao
1494,ciencia
1495,equilibrioesaude
1496,ciencia
1497,ciencia
1498,turismo
1499,ciencia
1500,turismo
1501,tec
1502,tec
1503,comida
1504,educacao
1505,ciencia
1506,ambiente
1507,tec
1508,educacao
1509,empreendedorsocial
1510,educacao
1511,tec
1512,turismo
1513,educacao
1514,educacao
1515,educacao
1516,tec
1517,turismo
1518,tec
1519,educacao
1520,comida
1521,equilibrioesaude
1522,ciencia
1523,turismo
1524,tec
1525,turismo
1526,sobretudo
1527,educacao
1528,ciencia
1529,equilibrioesaude
1530,tec
1531,tec
1532,tec
1533,ciencia
1534,tec
1535,equilibrioesaude
1536,educacao
1537,tec
1538,comida
1539,ambiente
1540,educacao
1541,turismo
1542,sobretudo
1543,educacao
1544,equilibrioesaude
1545,sobretudo
1546,sobretudo
1547,turismo
1548,sobretudo
1549,tec
1550,turismo
1551,tec
1552,turismo
1553,equilibrioesaude
1554,equilibrioesaude
1555,turismo
1556,tec
1557,comida
1558,educacao
1559,educacao
1560,ambiente
1561,ciencia
1562,educacao
1563,turismo
1564,empreendedorsocial
1565,tec
1566,turismo
1567,turismo
1568,tec
1569,turismo
1570,equilibrioesaude
1571,comida
1572,turismo
1573,educacao
1574,sobretudo
1575,equilibrioesaude
1576,tec
1577,tec
1578,sobretudo
1579,turismo
1580,educacao
1581,educacao
1582,educacao
1583,tec
1584,tec
1585,educacao
1586,educacao
1587,educacao
1588,turismo
1589,tec
1590,ciencia
1591,equilibrioesaude
1592,turismo
1593,ambiente
1594,turismo
1595,ambiente
1596,educacao
1597,educacao
1598,educacao
1599,turismo
1600,tec
1601,ambiente
1602,ciencia
1603,turismo
1604,educacao
1605,ciencia
1606,equilibrioesaude
1607,turismo
1608,educacao
1609,turismo
1610,empreendedorsocial
1611,empreendedorsocial
1612,ciencia
1613,turismo
1614,tec
1615,educacao
1616,tec
1617,ambiente
1618,sobretudo
1619,educacao
1620,sobretudo
1621,ciencia
1622,turismo
1623,turismo
1624,tec
1625,tec
1626,tec
1627,tec
1628,ambiente
1629,turismo
1630,turismo
1631,tec
1632,educacao
1633,ciencia
1634,educacao
1635,empreendedorsocial
1636,tec
1637,tec
1638,tec
1639,equilibrioesaude
1640,equilibrioesaude
1641,ciencia
1642,equilibrioesaude
1643,turismo
1644,educacao
1645,tec
1646,educacao
1647,educacao
1648,tec
1649,tec
1650,equilibrioesaude
1651,ciencia
1652,comida
1653,tec
1654,equilibrioesaude
1655,ciencia
1656,turismo
1657,educacao
1658,tec
1659,educacao
1660,turismo
1661,equilibrioesaude
1662,tec
1663,tec
1664,ciencia
1665,sobretudo
1666,tec
1667,sobretudo
1668,turismo
1669,equilibrioesaude
1670,educacao
1671,tec
1672,comida
1673,turismo
1674,equilibrioesaude
1675,equilibrioesaude
1676,educacao
1677,turismo
1678,comida
1679,educacao
1680,ciencia
1681,empreendedorsocial
1682,equilibrioesaude
1683,tec
1684,turismo
1685,educacao
1686,tec
1687,equilibrioesaude
1688,tec
1689,tec
1690,tec
1691,turismo
1692,sobretudo
1693,ciencia
1694,equilibrioesaude
1695,equilibrioesaude
1696,ciencia
1697,sobretudo
1698,tec
1699,comida
1700,sobretudo
1701,educacao
1702,ciencia
1703,turismo
1704,tec
1705,comida
1706,tec
1707,comida
1708,tec
1709,educacao
1710,empreendedorsocial
1711,turismo
1712,turismo
1713,ciencia
1714,equilibrioesaude
1715,turismo
1716,equilibrioesaude
1717,educacao
1718,turismo
1719,turismo
1720,equilibrioesaude
1721,sobretudo
1722,empreendedorsocial
1723,empreendedorsocial
1724,sobretudo
1725,tec
1726,turismo
1727,tec
1728,ambiente
1729,tec
1730,turismo
1731,empreendedorsocial
1732,tec
1733,educacao
1734,tec
1735,educacao
1736,ambiente
1737,educacao
1738,turismo
1739,educacao
1740,educacao
1741,ciencia
1742,comida
1743,tec
1744,equilibrioesaude
1745,tec
1746,educacao
1747,tec
1748,empreendedorsocial
1749,tec
1750,tec
1751,equilibrioesaude
1752,educacao
1753,educacao
1754,tec
1755,ciencia
1756,turismo
1757,educacao
1758,ciencia
1759,tec
1760,turismo
1761,turismo
1762,equilibrioesaude
1763,turismo
1764,empreendedorsocial
1765,tec
1766,turismo
1767,ambiente
1768,turismo
1769,ciencia
1770,tec
1771,educacao
1772,tec
1773,turismo
1774,tec
1775,educacao
1776,ciencia
1777,turismo
1778,comida
1779,equilibrioesaude
1780,tec
1781,ciencia
1782,turismo
1783,tec
1784,comida
1785,equilibrioesaude
1786,educacao
1787,turismo
1788,equilibrioesaude
1789,tec
1790,empreendedorsocial
1791,sobretudo
1792,educacao
1793,tec
1794,tec
1795,sobretudo
1796,ciencia
1797,educacao
1798,comida
1799,equilibrioesaude
1800,tec
1801,equilibrioesaude
1802,turismo
1803,ciencia
1804,tec
1805,turismo
1806,turismo
1807,turismo
1808,tec
1809,tec
1810,equilibrioesaude
1811,educacao
1812,sobretudo
1813,tec
1814,comida
1815,empreendedorsocial
1816,comida
1817,empreendedorsocial
1818,tec
1819,educacao
1820,turismo
1821,tec
1822,ciencia
1823,educacao
1824,tec
1825,educacao
1826,turismo
1827,empreendedorsocial
1828,tec
1829,educacao
1830,ciencia
1831,tec
1832,ciencia
1833,tec
1834,turismo
1835,equilibrioesaude
1836,equilibrioesaude
1837,empreendedorsocial
1838,turismo
1839,turismo
1840,empreendedorsocial
1841,turismo
1842,educacao
1843,tec
1844,educacao
1845,sobretudo
1846,equilibrioesaude
1847,equilibrioesaude
1848,turismo
1849,tec
1850,empreendedorsocial
1851,tec
1852,sobretudo
1853,tec
1854,tec
1855,ciencia
1856,ciencia
1857,turismo
1858,educacao
1859,educacao
1860,turismo
1861,empreendedorsocial
1862,ciencia
1863,tec
1864,tec
1865,ciencia
1866,ciencia
1867,empreendedorsocial
1868,empreendedorsocial
1869,educacao
1870,turismo
1871,turismo
1872,educacao
1873,turismo
1874,tec
1875,comida
1876,tec
1877,equilibrioesaude
1878,educacao
1879,educacao
1880,tec
1881,turismo
1882,equilibrioesaude
1883,educacao
1884,tec
1885,tec
1886,tec
1887,turismo
1888,tec
1889,equilibrioesaude
1890,educacao
1891,ambiente
1892,turismo
1893,sobretudo
1894,ciencia
1895,equilibrioesaude
1896,equilibrioesaude
1897,educacao
1898,equilibrioesaude
1899,sobretudo
1900,tec
1901,tec
1902,turismo
1903,tec
1904,comida
1905,turismo
1906,comida
1907,turismo
1908,turismo
1909,educacao
1910,sobretudo
1911,ambiente
1912,equilibrioesaude
1913,empreendedorsocial
1914,tec
1915,equilibrioesaude
1916,ambiente
1917,sobretudo
1918,tec
1919,equilibrioesaude
1920,tec
1921,turismo
1922,educacao
1923,turismo
1924,equilibrioesaude
1925,equilibrioesaude
1926,comida
1927,educacao
1928,educacao
1929,tec
1930,sobretudo
1931,comida
1932,equilibrioesaude
1933,turismo
1934,ambiente
1935,turismo
1936,equilibrioesaude
1937,tec
1938,equilibrioesaude
1939,tec
1940,turismo
1941,turismo
1942,turismo
1943,educacao
1944,educacao
1945,turismo
1946,educacao
1947,tec
1948,educacao
1949,educacao
1950,comida
1951,tec
1952,sobretudo
1953,ciencia
1954,empreendedorsocial
1955,educacao
1956,educacao
1957,educacao
1958,tec
1959,turismo
1960,empreendedorsocial
1961,sobretudo
1962,tec
1963,turismo
1964,equilibrioesaude
1965,tec
1966,turismo
1967,empreendedorsocial
1968,turismo
1969,tec
1970,educacao
1971,tec
1972,educacao
1973,comida
1974,educacao
1975,educacao
1976,sobretudo
1977,equilibrioesaude
1978,tec
1979,tec
1980,educacao
1981,comida
1982,tec
1983,educacao
1984,sobretudo
1985,ciencia
1986,empreendedorsocial
1987,ciencia
1988,educacao
1989,tec
1990,turismo
1991,tec
1992,equilibrioesaude
1993,comida
1994,equilibrioesaude
1995,educacao
1996,educacao
1997,tec
1998,turismo
1999,turismo
2000,ciencia
2001,tec
2002,turismo
2003,equilibrioesaude
2004,educacao
2005,tec
2006,ciencia
2007,sobretudo
2008,turismo
2009,sobretudo
2010,comida
2011,ambiente
2012,empreendedorsocial
2013,ambiente
2014,educacao
2015,ciencia
2016,educacao
2017,educacao
2018,comida
2019,educacao
2020,ciencia
2021,equilibrioesaude
2022,sobretudo
2023,turismo
2024,ciencia
2025,equilibrioesaude
2026,comida
2027,turismo
2028,equilibrioesaude
2029,equilibrioesaude
2030,turismo
2031,educacao
2032,ambiente
2033,equilibrioesaude
2034,equilibrioesaude
2035,empreendedorsocial
2036,tec
2037,turismo
2038,equilibrioesaude
2039,ciencia
2040,educacao
2041,equilibrioesaude
2042,tec
2043,tec
2044,turismo
2045,educacao
2046,ciencia
2047,equilibrioesaude
2048,comida
2049,turismo
2050,ciencia
2051,educacao
2052,ciencia
2053,ambiente
2054,turismo
2055,empreendedorsocial
2056,sobretudo
2057,equilibrioesaude
2058,comida
2059,tec
2060,turismo
2061,educacao
2062,comida
2063,tec
2064,educacao
2065,tec
2066,educacao
2067,ambiente
2068,equilibrioesaude
2069,educacao
2070,sobretudo
2071,ciencia
2072,educacao
2073,equilibrioesaude
2074,tec
2075,sobretudo
2076,empreendedorsocial
2077,turismo
2078,tec
2079,equilibrioesaude
2080,turismo
2081,comida
2082,ciencia
2083,comida
2084,equilibrioesaude
2085,tec
2086,equilibrioesaude
2087,turismo
2088,equilibrioesaude
2089,comida
2090,tec
2091,equilibrioesaude
2092,equilibrioesaude
2093,sobretudo
2094,ciencia
2095,tec
2096,tec
2097,empreendedorsocial
2098,turismo
2099,turismo
2100,tec
2101,ciencia
2102,educacao
2103,sobretudo
2104,comida
2105,tec
2106,educacao
2107,ciencia
2108,turismo
2109,educacao
2110,tec
2111,turismo
2112,equilibrioesaude
2113,educacao
2114,equilibrioesaude
2115,educacao
2116,tec
2117,educacao
2118,educacao
2119,tec
2120,educacao
2121,comida
2122,educacao
2123,sobretudo
2124,equilibrioesaude
2125,tec
2126,empreendedorsocial
2127,empreendedorsocial
2128,turismo
2129,ciencia
2130,equilibrioesaude
2131,equilibrioesaude
2132,educacao
2133,sobretudo
2134,equilibrioesaude
2135,comida
2136,educacao
2137,tec
2138,tec
2139,tec
2140,ciencia
2141,ciencia
2142,turismo
2143,turismo
2144,comida
2145,turismo
2146,comida
2147,ciencia
2148,comida
2149,ciencia
2150,ciencia
2151,comida
2152,comida
2153,comida
2154,tec
2155,turismo
2156,comida
2157,sobretudo
2158,educacao
2159,comida
2160,turismo
2161,ciencia
2162,comida
2163,ciencia
2164,ambiente
2165,tec
2166,comida
2167,ciencia
2168,sobretudo
2169,educacao
2170,sobretudo
2171,empreendedorsocial
2172,tec
2173,tec
2174,equilibrioesaude
2175,empreendedorsocial
2176,equilibrioesaude
2177,equilibrioesaude
2178,tec
2179,tec
2180,sobretudo
2181,turismo
2182,educacao
2183,educacao
2184,turismo
2185,tec
2186,educacao
2187,equilibrioesaude
2188,ciencia
2189,empreendedorsocial
2190,educacao
2191,sobretudo
2192,turismo
2193,comida
2194,turismo
2195,educacao
2196,educacao
2197,tec
2198,sobretudo
2199,sobretudo
2200,tec
2201,tec
2202,tec
2203,ambiente
2204,turismo
2205,comida
2206,sobretudo
2207,educacao
2208,comida
2209,equilibrioesaude
2210,ciencia
2211,educacao
2212,ciencia
2213,turismo
2214,turismo
2215,ciencia
2216,empreendedorsocial
2217,turismo
2218,ciencia
2219,ambiente
2220,tec
2221,educacao
2222,equilibrioesaude
2223,empreendedorsocial
2224,ciencia
2225,educacao
2226,equilibrioesaude
2227,ciencia
2228,educacao
2229,ciencia
2230,ambiente
2231,sobretudo
2232,tec
2233,turismo
2234,educacao
2235,empreendedorsocial
2236,empreendedorsocial
2237,ambiente
2238,turismo
2239,comida
2240,educacao
2241,educacao
2242,turismo
2243,equilibrioesaude
2244,ambiente
2245,sobretudo
2246,turismo
2247,comida
2248,ciencia
2249,educacao
2250,equilibrioesaude
2251,comida
2252,turismo
2253,ciencia
2254,ciencia
2255,ciencia
2256,turismo
2257,ciencia
2258,tec
2259,ciencia
2260,tec
2261,empreendedorsocial
2262,tec
2263,tec
2264,ciencia
2265,sobretudo
2266,tec
2267,turismo
2268,equilibrioesaude
2269,tec
2270,equilibrioesaude
2271,educacao
2272,empreendedorsocial
2273,ciencia
2274,equilibrioesaude
2275,sobretudo
2276,turismo
2277,turismo
2278,ciencia
2279,educacao
2280,equilibrioesaude
2281,tec
2282,comida
2283,educacao
2284,tec
2285,sobretudo
2286,ciencia
2287,tec
2288,tec
2289,equilibrioesaude
2290,equilibrioesaude
2291,educacao
2292,ambiente
2293,tec
2294,sobretudo
2295,sobretudo
2296,comida
2297,ciencia
2298,educacao
2299,ambiente
2300,equilibrioesaude
2301,sobretudo
2302,tec
2303,equilibrioesaude
2304,comida
2305,educacao
2306,sobretudo
2307,ciencia
2308,sobretudo
2309,tec
2310,sobretudo
2311,turismo
2312,empreendedorsocial
2313,tec
2314,ciencia
2315,tec
2316,tec
2317,empreendedorsocial
2318,tec
2319,ciencia
2320,tec
2321,educacao
2322,tec
2323,sobretudo
2324,tec
2325,educacao
2326,comida
2327,tec
2328,equilibrioesaude
2329,tec
2330,sobretudo
2331,sobretudo
2332,equilibrioesaude
2333,ciencia
2334,turismo
2335,equilibrioesaude
2336,ambiente
2337,tec
2338,equilibrioesaude
2339,tec
2340,empreendedorsocial
2341,comida
2342,equilibrioesaude
2343,sobretudo
2344,educacao
2345,empreendedorsocial
2346,comida
2347,turismo
2348,equilibrioesaude
2349,educacao
2350,educacao
2351,sobretudo
2352,tec
2353,tec
2354,ciencia
2355,comida
2356,turismo
2357,equilibrioesaude
2358,ciencia
2359,educacao
2360,tec
2361,ciencia
2362,ambiente
2363,empreendedorsocial
2364,tec
2365,tec
2366,empreendedorsocial
2367,turismo
2368,empreendedorsocial
2369,educacao
2370,educacao
2371,educacao
2372,ciencia
2373,tec
2374,comida
2375,equilibrioesaude
2376,ciencia
2377,tec
2378,comida
2379,tec
2380,comida
2381,educacao
2382,ambiente
2383,comida
2384,educacao
2385,educacao
2386,tec
2387,educacao
2388,ambiente
2389,tec
2390,educacao
2391,tec
2392,educacao
2393,tec
2394,educacao
2395,turismo
2396,tec
2397,ciencia
2398,tec
2399,equilibrioesaude
2400,educacao
2401,turismo
2402,sobretudo
2403,turismo
2404,turismo
2405,turismo
2406,turismo
2407,tec
2408,equilibrioesaude
2409,comida
2410,educacao
2411,turismo
2412,empreendedorsocial
2413,ambiente
2414,turismo
2415,educacao
2416,educacao
2417,turismo
2418,tec
2419,comida
2420,equilibrioesaude
2421,empreendedorsocial
2422,comida
2423,equilibrioesaude
2424,equilibrioesaude
2425,comida
2426,equilibrioesaude
2427,equilibrioesaude
2428,sobretudo
2429,empreendedorsocial
2430,educacao
2431,educacao
2432,tec
2433,tec
2434,educacao
2435,comida
2436,tec
2437,turismo
2438,sobretudo
2439,tec
2440,tec
2441,educacao
2442,equilibrioesaude
2443,comida
2444,turismo
2445,turismo
2446,empreendedorsocial
2447,ambiente
2448,tec
2449,turismo
2450,sobretudo
2451,sobretudo
2452,ciencia
2453,tec
2454,turismo
2455,tec
2456,ciencia
2457,empreendedorsocial
2458,turismo
2459,tec
2460,empreendedorsocial
2461,tec
2462,tec
2463,ambiente
2464,turismo
2465,educacao
2466,educacao
2467,educacao
2468,empreendedorsocial
2469,turismo
2470,turismo
2471,educacao
2472,tec
2473,ciencia
2474,educacao
2475,comida
2476,tec
2477,tec
2478,ciencia
2479,tec
2480,turismo
2481,comida
2482,tec
2483,sobretudo
2484,empreendedorsocial
2485,turismo
2486,equilibrioesaude
2487,turismo
2488,ciencia
2489,sobretudo
2490,empreendedorsocial
2491,tec
2492,equilibrioesaude
2493,tec
2494,ciencia
2495,educacao
2496,ciencia
2497,sobretudo
2498,educacao
2499,educacao
2500,tec
2501,equilibrioesaude
2502,sobretudo
2503,educacao
2504,sobretudo
2505,tec
2506,tec
2507,turismo
2508,ciencia
2509,ambiente
2510,educacao
2511,sobretudo
2512,turismo
2513,tec
2514,tec
2515,ciencia
2516,ciencia
2517,sobretudo
2518,sobretudo
2519,educacao
2520,ambiente
2521,ambiente
2522,educacao
2523,turismo
2524,turismo
2525,comida
2526,educacao
2527,equilibrioesaude
2528,educacao
2529,turismo
2530,educacao
2531,tec
2532,tec
2533,educacao
2534,tec
2535,tec
2536,empreendedorsocial
2537,educacao
2538,turismo
2539,tec
2540,educacao
2541,educacao
2542,turismo
2543,tec
2544,ciencia
2545,ambiente
2546,equilibrioesaude
2547,tec
2548,comida
2549,comida
2550,sobretudo
2551,ambiente
2552,tec
2553,turismo
2554,sobretudo
2555,tec
2556,educacao
2557,educacao
2558,tec
2559,turismo
2560,educacao
2561,educacao
2562,sobretudo
2563,turismo
2564,educacao
2565,ciencia
2566,educacao
2567,turismo
2568,educacao
2569,turismo
2570,educacao
2571,equilibrioesaude
2572,equilibrioesaude
2573,ciencia
2574,turismo
2575,turismo
2576,equilibrioesaude
2577,tec
2578,turismo
2579,tec
2580,equilibrioesaude
2581,comida
2582,ambiente
2583,comida
2584,educacao
2585,turismo
2586,turismo
2587,educacao
2588,empreendedorsocial
2589,equilibrioesaude
2590,empreendedorsocial
2591,ciencia
2592,comida
2593,educacao
2594,turismo
2595,ciencia
2596,tec
2597,tec
2598,sobretudo
2599,equilibrioesaude
2600,educacao
2601,turismo
2602,equilibrioesaude
2603,comida
2604,sobretudo
2605,educacao
2606,ciencia
2607,ambiente
2608,turismo
2609,turismo
2610,ciencia
2611,educacao
2612,sobretudo
2613,educacao
2614,educacao
2615,turismo
2616,turismo
2617,educacao
2618,tec
2619,equilibrioesaude
2620,sobretudo
2621,ciencia
2622,ciencia
2623,educacao
2624,tec
2625,tec
2626,ciencia
2627,ciencia
2628,equilibrioesaude
2629,tec
2630,educacao
2631,educacao
2632,educacao
2633,equilibrioesaude
2634,educacao
2635,ciencia
2636,comida
2637,ciencia
2638,tec
2639,ciencia
2640,educacao
2641,turismo
2642,comida
2643,turismo
2644,tec
2645,empreendedorsocial
2646,educacao
2647,educacao
2648,equilibrioesaude
2649,educacao
2650,educacao
2651,sobretudo
2652,sobretudo
2653,ciencia
2654,tec
2655,comida
2656,ciencia
2657,tec
2658,sobretudo
2659,educacao
2660,tec
2661,equilibrioesaude
2662,turismo
2663,equilibrioesaude
2664,ciencia
2665,comida
2666,ciencia
2667,educacao
2668,educacao
2669,turismo
2670,equilibrioesaude
2671,comida
2672,ciencia
2673,educacao
2674,educacao
2675,tec
2676,turismo
2677,comida
2678,sobretudo
2679,ciencia
2680,educacao
2681,tec
2682,educacao
2683,turismo
2684,ciencia
2685,ciencia
2686,sobretudo
2687,equilibrioesaude
2688,comida
2689,sobretudo
2690,turismo
2691,tec
2692,tec
2693,tec
2694,ciencia
2695,equilibrioesaude
2696,tec
2697,ciencia
2698,sobretudo
2699,empreendedorsocial
2700,turismo
2701,sobretudo
2702,equilibrioesaude
2703,equilibrioesaude
2704,educacao
2705,sobretudo
2706,equilibrioesaude
2707,ciencia
2708,sobretudo
2709,tec
2710,ciencia
2711,educacao
2712,turismo
2713,ciencia
2714,turismo
2715,ciencia
2716,comida
2717,ciencia
2718,comida
2719,tec
2720,tec
2721,sobretudo
2722,ciencia
2723,sobretudo
2724,tec
2725,ciencia
2726,empreendedorsocial
2727,turismo
2728,comida
2729,equilibrioesaude
2730,tec
2731,sobretudo
2732,educacao
2733,turismo
2734,sobretudo
2735,equilibrioesaude
2736,educacao
2737,ambiente
2738,turismo
2739,sobretudo
2740,equilibrioesaude
2741,educacao
2742,tec
2743,turismo
2744,educacao
2745,turismo
2746,empreendedorsocial
2747,turismo
2748,equilibrioesaude
2749,equilibrioesaude
2750,ambiente
2751,educacao
2752,ciencia
2753,educacao
2754,tec
2755,educacao
2756,empreendedorsocial
2757,turismo
2758,tec
2759,equilibrioesaude
2760,sobretudo
2761,educacao
2762,equilibrioesaude
2763,equilibrioesaude
2764,ciencia
2765,educacao
2766,educacao
2767,tec
2768,educacao
2769,educacao
2770,tec
2771,educacao
2772,comida
2773,turismo
2774,comida
2775,tec
2776,empreendedorsocial
2777,equilibrioesaude
2778,ambiente
2779,tec
2780,ambiente
2781,educacao
2782,turismo
2783,tec
2784,educacao
2785,equilibrioesaude
2786,educacao
2787,educacao
2788,ciencia
2789,educacao
2790,equilibrioesaude
2791,tec
2792,educacao
2793,tec
2794,equilibrioesaude
2795,equilibrioesaude
2796,tec
2797,sobretudo
2798,ciencia
2799,tec
2800,sobretudo
2801,equilibrioesaude
2802,tec
2803,sobretudo
2804,turismo
2805,empreendedorsocial
2806,turismo
2807,tec
2808,comida
2809,comida
2810,educacao
2811,educacao
2812,ambiente
2813,educacao
2814,comida
2815,turismo
2816,equilibrioesaude
2817,tec
2818,turismo
2819,equilibrioesaude
2820,ciencia
2821,ciencia
2822,ciencia
2823,empreendedorsocial
2824,educacao
2825,turismo
2826,ciencia
2827,equilibrioesaude
2828,tec
2829,equilibrioesaude
2830,empreendedorsocial
2831,educacao
2832,tec
2833,educacao
2834,educacao
2835,educacao
2836,turismo
2837,ciencia
2838,tec
2839,tec
2840,educacao
2841,sobretudo
2842,comida
2843,educacao
2844,ciencia
2845,educacao
2846,sobretudo
2847,equilibrioesaude
2848,ambiente
2849,educacao
2850,ciencia
2851,tec
2852,equilibrioesaude
2853,ciencia
2854,ciencia
2855,turismo
2856,ciencia
2857,empreendedorsocial
2858,equilibrioesaude
2859,turismo
2860,tec
2861,tec
2862,turismo
2863,turismo
2864,educacao
2865,equilibrioesaude
2866,turismo
2867,equilibrioesaude
2868,turismo
2869,comida
2870,educacao
2871,ambiente
2872,educacao
2873,ciencia
2874,ciencia
2875,turismo
2876,educacao
2877,educacao
2878,educacao
2879,turismo
2880,comida
2881,tec
2882,comida
2883,equilibrioesaude
2884,comida
2885,turismo
2886,comida
2887,equilibrioesaude
2888,turismo
2889,equilibrioesaude
2890,tec
2891,equilibrioesaude
2892,educacao
2893,turismo
2894,turismo
2895,ciencia
2896,ciencia
2897,ciencia
2898,educacao
2899,ambiente
2900,turismo
2901,ambiente
2902,turismo
2903,tec
2904,turismo
2905,turismo
2906,tec
2907,ciencia
2908,educacao
2909,turismo
2910,ambiente
2911,educacao
2912,educacao
2913,equilibrioesaude
2914,equilibrioesaude
2915,turismo
2916,equilibrioesaude
2917,equilibrioesaude
2918,ciencia
2919,educacao
2920,tec
2921,tec
2922,equilibrioesaude
2923,equilibrioesaude
2924,tec
2925,sobretudo
2926,equilibrioesaude
2927,sobretudo
2928,ciencia
2929,equilibrioesaude
2930,empreendedorsocial
2931,turismo
2932,turismo
2933,equilibrioesaude
2934,turismo
2935,empreendedorsocial
2936,sobretudo
2937,turismo
2938,turismo
2939,educacao
2940,tec
2941,educacao
2942,educacao
2943,equilibrioesaude
2944,ciencia
2945,equilibrioesaude
2946,turismo
2947,tec
2948,tec
2949,equilibrioesaude
2950,tec
2951,empreendedorsocial
2952,empreendedorsocial
2953,tec
2954,tec
2955,ciencia
2956,educacao
2957,tec
2958,ciencia
2959,tec
2960,educacao
2961,equilibrioesaude
2962,sobretudo
2963,tec
2964,equilibrioesaude
2965,tec
2966,tec
2967,empreendedorsocial
2968,educacao
2969,turismo
2970,ciencia
2971,equilibrioesaude
2972,educacao
2973,tec
2974,equilibrioesaude
2975,ciencia
2976,empreendedorsocial
2977,equilibrioesaude
2978,equilibrioesaude
2979,tec
2980,educacao
2981,turismo
2982,educacao
2983,equilibrioesaude
2984,ambiente
2985,educacao
2986,turismo
2987,sobretudo
2988,empreendedorsocial
2989,empreendedorsocial
2990,ciencia
2991,tec
2992,tec
2993,comida
2994,ciencia
2995,turismo
2996,tec
2997,turismo
2998,educacao
2999,equilibrioesaude
3000,tec
3001,sobretudo
3002,sobretudo
3003,educacao
3004,tec
3005,tec
3006,equilibrioesaude
3007,equilibrioesaude
3008,turismo
3009,turismo
3010,tec
3011,ciencia
3012,tec
3013,comida
3014,equilibrioesaude
3015,equilibrioesaude
3016,sobretudo
3017,ciencia
3018,educacao
3019,empreendedorsocial
3020,turismo
3021,turismo
3022,turismo
3023,tec
3024,empreendedorsocial
3025,tec
3026,equilibrioesaude
3027,sobretudo
3028,educacao
3029,empreendedorsocial
3030,sobretudo
3031,turismo
3032,sobretudo
3033,comida
3034,educacao
3035,ciencia
3036,turismo
3037,sobretudo
3038,empreendedorsocial
3039,ciencia
3040,ambiente
3041,educacao
3042,equilibrioesaude
3043,educacao
3044,equilibrioesaude
3045,turismo
3046,educacao
3047,empreendedorsocial
3048,sobretudo
3049,equilibrioesaude
3050,turismo
3051,tec
3052,tec
3053,tec
3054,turismo
3055,empreendedorsocial
3056,tec
3057,comida
3058,equilibrioesaude
3059,empreendedorsocial
3060,turismo
3061,turismo
3062,educacao
3063,equilibrioesaude
3064,equilibrioesaude
3065,ciencia
3066,educacao
3067,comida
3068,ciencia
3069,turismo
3070,turismo
3071,ciencia
3072,educacao
3073,comida
3074,educacao
3075,equilibrioesaude
3076,educacao
3077,equilibrioesaude
3078,tec
3079,educacao
3080,tec
3081,comida
3082,turismo
3083,tec
3084,ciencia
3085,turismo
3086,empreendedorsocial
3087,educacao
3088,educacao
3089,educacao
3090,educacao
3091,educacao
3092,equilibrioesaude
3093,turismo
3094,educacao
3095,ambiente
3096,tec
3097,ciencia
3098,ciencia
3099,tec
3100,sobretudo
3101,ciencia
3102,equilibrioesaude
3103,ambiente
3104,tec
3105,tec
3106,tec
3107,educacao
3108,educacao
3109,equilibrioesaude
3110,empreendedorsocial
3111,educacao
3112,tec
3113,educacao
3114,educacao
3115,tec
3116,educacao
3117,comida
3118,educacao
3119,ciencia
3120,turismo
3121,educacao
3122,educacao
3123,educacao
3124,educacao
3125,equilibrioesaude
3126,educacao
3127,educacao
3128,equilibrioesaude
3129,turismo
3130,turismo
3131,turismo
3132,educacao
3133,educacao
3134,empreendedorsocial
3135,ambiente
3136,turismo
3137,tec
3138,sobretudo
3139,turismo
3140,turismo
3141,equilibrioesaude
3142,ambiente
3143,turismo
3144,tec
3145,comida
3146,turismo
3147,turismo
3148,tec
3149,tec
3150,equilibrioesaude
3151,comida
3152,tec
3153,equilibrioesaude
3154,equilibrioesaude
3155,equilibrioesaude
3156,tec
3157,equilibrioesaude
3158,ciencia
3159,turismo
3160,comida
3161,ciencia
3162,educacao
3163,turismo
3164,empreendedorsocial
3165,tec
3166,tec
3167,tec
3168,educacao
3169,empreendedorsocial
3170,tec
3171,educacao
3172,tec
3173,turismo
3174,educacao
3175,ambiente
3176,educacao
3177,tec
3178,tec
3179,turismo
3180,equilibrioesaude
3181,ciencia
3182,turismo
3183,tec
3184,turismo
3185,ambiente
3186,equilibrioesaude
3187,empreendedorsocial
3188,comida
3189,sobretudo
3190,sobretudo
3191,educacao
3192,educacao
3193,tec
3194,tec
3195,sobretudo
3196,tec
3197,equilibrioesaude
3198,equilibrioesaude
3199,ciencia
3200,tec
3201,turismo
3202,empreendedorsocial
3203,turismo
3204,educacao
3205,ambiente
3206,equilibrioesaude
3207,educacao
3208,tec
3209,educacao
3210,educacao
3211,educacao
3212,turismo
3213,educacao
3214,equilibrioesaude
3215,empreendedorsocial
3216,comida
3217,educacao
3218,ciencia
3219,tec
3220,tec
3221,turismo
3222,educacao
3223,ciencia
3224,turismo
3225,educacao
3226,tec
3227,equilibrioesaude
3228,tec
3229,empreendedorsocial
3230,educacao
3231,turismo
3232,comida
3233,tec
3234,ciencia
3235,educacao
3236,equilibrioesaude
3237,tec
3238,ambiente
3239,ambiente
3240,tec
3241,educacao
3242,tec
3243,ciencia
3244,ciencia
3245,ciencia
3246,tec
3247,educacao
3248,sobretudo
3249,educacao
3250,equilibrioesaude
3251,ambiente
3252,equilibrioesaude
3253,tec
3254,educacao
3255,tec
3256,educacao
3257,ciencia
3258,equilibrioesaude
3259,educacao
3260,empreendedorsocial
3261,sobretudo
3262,turismo
3263,educacao
3264,comida
3265,turismo
3266,empreendedorsocial
3267,turismo
3268,turismo
3269,turismo
3270,educacao
3271,turismo
3272,tec
3273,tec
3274,empreendedorsocial
3275,tec
3276,comida
3277,empreendedorsocial
3278,turismo
3279,ciencia
3280,comida
3281,ambiente
3282,educacao
3283,educacao
3284,tec
3285,educacao
3286,turismo
3287,equilibrioesaude
3288,comida
3289,ciencia
3290,educacao
3291,educacao
3292,ambiente
3293,tec
3294,turismo
3295,tec
3296,tec
3297,tec
3298,sobretudo
3299,ciencia
3300,educacao
3301,tec
3302,comida
3303,sobretudo
3304,sobretudo
3305,tec
3306,sobretudo
3307,empreendedorsocial
3308,educacao
3309,tec
3310,ciencia
3311,tec
3312,educacao
3313,educacao
3314,turismo
3315,educacao
3316,ambiente
3317,educacao
3318,empreendedorsocial
3319,turismo
3320,tec
3321,empreendedorsocial
3322,empreendedorsocial
3323,empreendedorsocial
3324,turismo
3325,equilibrioesaude
3326,comida
3327,turismo
3328,ciencia
3329,tec
3330,turismo
3331,ciencia
3332,equilibrioesaude
3333,turismo
3334,turismo
3335,tec
3336,sobretudo
3337,turismo
3338,tec
3339,educacao
3340,educacao
3341,tec
3342,comida
3343,educacao
3344,equilibrioesaude
3345,turismo
3346,turismo
3347,empreendedorsocial
3348,turismo
3349,tec
3350,empreendedorsocial
3351,educacao
3352,ciencia
3353,educacao
3354,ciencia
3355,educacao
3356,comida
3357,ciencia
3358,equilibrioesaude
3359,comida
3360,tec
3361,educacao
3362,tec
3363,sobretudo
3364,educacao
3365,ciencia
3366,educacao
3367,tec
3368,turismo
3369,ambiente
3370,sobretudo
3371,ciencia
3372,sobretudo
3373,sobretudo
3374,educacao
3375,ciencia
3376,educacao
3377,ciencia
3378,tec
3379,turismo
3380,empreendedorsocial
3381,turismo
3382,ciencia
3383,educacao
3384,educacao
3385,turismo
3386,educacao
3387,equilibrioesaude
3388,tec
3389,turismo
3390,tec
3391,sobretudo
3392,ambiente
3393,sobretudo
3394,ciencia
3395,sobretudo
3396,comida
3397,turismo
3398,turismo
3399,sobretudo
3400,turismo
3401,tec
3402,empreendedorsocial
3403,tec
3404,tec
3405,equilibrioesaude
3406,turismo
3407,equilibrioesaude
3408,educacao
3409,educacao
3410,educacao
3411,sobretudo
3412,educacao
3413,ciencia
3414,sobretudo
3415,ciencia
3416,sobretudo
3417,empreendedorsocial
3418,turismo
3419,tec
3420,equilibrioesaude
3421,sobretudo
3422,sobretudo
3423,turismo
3424,equilibrioesaude
3425,ciencia
3426,educacao
3427,turismo
3428,educacao
3429,educacao
3430,educacao
3431,comida
3432,educacao
3433,educacao
3434,equilibrioesaude
3435,empreendedorsocial
3436,ambiente
3437,comida
3438,turismo
3439,tec
3440,tec
3441,ciencia
3442,equilibrioesaude
3443,educacao
3444,equilibrioesaude
3445,tec
3446,turismo
3447,equilibrioesaude
3448,turismo
3449,turismo
3450,equilibrioesaude
3451,tec
3452,turismo
3453,tec
3454,turismo
3455,comida
3456,ambiente
3457,empreendedorsocial
3458,ambiente
3459,ciencia
3460,comida
3461,equilibrioesaude
3462,equilibrioesaude
3463,sobretudo
3464,turismo
3465,tec
3466,educacao
3467,equilibrioesaude
3468,empreendedorsocial
3469,comida
3470,equilibrioesaude
3471,ciencia
3472,equilibrioesaude
3473,tec
3474,tec
3475,educacao
3476,tec
3477,educacao
3478,empreendedorsocial
3479,tec
3480,equilibrioesaude
3481,sobretudo
3482,turismo
3483,tec
3484,equilibrioesaude
3485,tec
3486,empreendedorsocial
3487,empreendedorsocial
3488,turismo
3489,turismo
3490,educacao
3491,educacao
3492,ambiente
3493,turismo
3494,educacao
3495,turismo
3496,tec
3497,turismo
3498,equilibrioesaude
3499,educacao
3500,ciencia
3501,sobretudo
3502,sobretudo
3503,empreendedorsocial
3504,equilibrioesaude
3505,comida
3506,educacao
3507,tec
3508,sobretudo
3509,tec
3510,educacao
3511,educacao
3512,equilibrioesaude
3513,tec
3514,ciencia
3515,educacao
3516,equilibrioesaude
3517,educacao
3518,equilibrioesaude
3519,ambiente
3520,ciencia
3521,tec
3522,turismo
3523,ciencia
3524,tec
3525,equilibrioesaude
3526,equilibrioesaude
3527,sobretudo
3528,comida
3529,turismo
3530,equilibrioesaude
3531,turismo
3532,educacao
3533,empreendedorsocial
3534,turismo
3535,equilibrioesaude
3536,tec
3537,ciencia
3538,ciencia
3539,empreendedorsocial
3540,ciencia
3541,comida
3542,tec
3543,tec
3544,turismo
3545,empreendedorsocial
3546,equilibrioesaude
3547,comida
3548,ciencia
3549,ciencia
3550,equilibrioesaude
3551,educacao
3552,educacao
3553,tec
3554,sobretudo
3555,educacao
3556,educacao
3557,turismo
3558,sobretudo
3559,educacao
3560,comida
3561,educacao
3562,sobretudo
3563,comida
3564,comida
3565,tec
3566,ciencia
3567,tec
3568,ciencia
3569,equilibrioesaude
3570,sobretudo
3571,educacao
3572,comida
3573,comida
3574,sobretudo
3575,tec
3576,educacao
3577,turismo
3578,turismo
3579,ambiente
3580,educacao
3581,tec
3582,turismo
3583,equilibrioesaude
3584,tec
3585,educacao
3586,turismo
3587,turismo
3588,tec
3589,turismo
3590,educacao
3591,turismo
3592,tec
3593,educacao
3594,comida
3595,tec
3596,educacao
3597,tec
3598,empreendedorsocial
3599,empreendedorsocial
3600,educacao
3601,turismo
3602,tec
3603,comida
3604,empreendedorsocial
3605,educacao
3606,educacao
3607,educacao
3608,ciencia
3609,turismo
3610,tec
3611,equilibrioesaude
3612,ambiente
3613,turismo
3614,tec
3615,ambiente
3616,empreendedorsocial
3617,educacao
3618,tec
3619,educacao
3620,comida
3621,educacao
3622,educacao
3623,sobretudo
3624,educacao
3625,ciencia
3626,comida
3627,comida
3628,tec
3629,tec
3630,tec
3631,ciencia
3632,educacao
3633,ciencia
3634,educacao
3635,ciencia
3636,educacao
3637,sobretudo
3638,empreendedorsocial
3639,tec
3640,educacao
3641,empreendedorsocial
3642,comida
3643,tec
3644,comida
3645,tec
3646,ciencia
3647,comida
3648,tec
3649,equilibrioesaude
3650,sobretudo
3651,equilibrioesaude
3652,equilibrioesaude
3653,comida
3654,ciencia
3655,sobretudo
3656,educacao
3657,educacao
3658,equilibrioesaude
3659,turismo
3660,tec
3661,empreendedorsocial
3662,tec
3663,comida
3664,tec
3665,educacao
3666,educacao
3667,equilibrioesaude
3668,tec
3669,comida
3670,ciencia
3671,comida
3672,tec
3673,sobretudo
3674,turismo
3675,educacao
3676,equilibrioesaude
3677,educacao
3678,equilibrioesaude
3679,educacao
3680,educacao
3681,equilibrioesaude
3682,turismo
3683,sobretudo
3684,educacao
3685,ciencia
3686,turismo
3687,educacao
3688,ciencia
3689,comida
3690,turismo
3691,equilibrioesaude
3692,ciencia
3693,ciencia
3694,equilibrioesaude
3695,turismo
3696,equilibrioesaude
3697,educacao
3698,ambiente
3699,turismo
3700,tec
3701,turismo
3702,educacao
3703,sobretudo
3704,sobretudo
3705,tec
3706,turismo
3707,turismo
3708,turismo
3709,tec
3710,ambiente
3711,educacao
3712,ambiente
3713,empreendedorsocial
3714,empreendedorsocial
3715,sobretudo
3716,sobretudo
3717,ambiente
3718,sobretudo
3719,ambiente
3720,educacao
3721,turismo
3722,ambiente
3723,turismo
3724,educacao
3725,sobretudo
3726,educacao
3727,tec
3728,educacao
3729,sobretudo
3730,equilibrioesaude
3731,educacao
3732,educacao
3733,turismo
3734,educacao
3735,educacao
3736,ambiente
3737,turismo
3738,educacao
3739,ciencia
3740,sobretudo
3741,sobretudo
3742,educacao
3743,turismo
3744,comida
3745,educacao
3746,ciencia
3747,equilibrioesaude
3748,ciencia
3749,ambiente
3750,ciencia
3751,educacao
3752,ciencia
3753,educacao
3754,educacao
3755,equilibrioesaude
3756,sobretudo
3757,turismo
3758,sobretudo
3759,equilibrioesaude
3760,educacao
3761,comida
3762,educacao
3763,ambiente
3764,sobretudo
3765,tec
3766,ciencia
3767,empreendedorsocial
3768,empreendedorsocial
3769,equilibrioesaude
3770,equilibrioesaude
3771,educacao
3772,empreendedorsocial
3773,ciencia
3774,equilibrioesaude
3775,comida
3776,turismo
3777,turismo
3778,sobretudo
3779,tec
3780,tec
3781,educacao
3782,ambiente
3783,educacao
3784,turismo
3785,ciencia
3786,ciencia
3787,tec
3788,comida
3789,tec
3790,ambiente
3791,educacao
3792,turismo
3793,tec
3794,educacao
3795,comida
3796,tec
3797,ciencia
3798,equilibrioesaude
3799,turismo
3800,ciencia
3801,educacao
3802,equilibrioesaude
3803,comida
3804,educacao
3805,comida
3806,ciencia
3807,tec
3808,educacao
3809,educacao
3810,ambiente
3811,tec
3812,sobretudo
3813,tec
3814,educacao
3815,equilibrioesaude
3816,ciencia
3817,educacao
3818,sobretudo
3819,comida
3820,turismo
3821,turismo
3822,educacao
3823,tec
3824,equilibrioesaude
3825,turismo
3826,comida
3827,empreendedorsocial
3828,turismo
3829,equilibrioesaude
3830,educacao
3831,sobretudo
3832,ciencia
3833,educacao
3834,empreendedorsocial
3835,educacao
3836,equilibrioesaude
3837,comida
3838,educacao
3839,ciencia
3840,equilibrioesaude
3841,equilibrioesaude
3842,turismo
3843,turismo
3844,tec
3845,comida
3846,ambiente
3847,tec
3848,tec
3849,turismo
3850,tec
3851,comida
3852,empreendedorsocial
3853,empreendedorsocial
3854,ciencia
3855,empreendedorsocial
3856,equilibrioesaude
3857,tec
3858,tec
3859,comida
3860,turismo
3861,sobretudo
3862,educacao
3863,equilibrioesaude
3864,tec
3865,educacao
3866,equilibrioesaude
3867,empreendedorsocial
3868,educacao
3869,equilibrioesaude
3870,empreendedorsocial
3871,ciencia
3872,turismo
3873,equilibrioesaude
3874,comida
3875,educacao
3876,comida
3877,educacao
3878,ambiente
3879,educacao
3880,tec
3881,tec
3882,tec
3883,educacao
3884,turismo
3885,sobretudo
3886,empreendedorsocial
3887,turismo
3888,tec
3889,educacao
3890,sobretudo
3891,turismo
3892,sobretudo
3893,turismo
3894,turismo
3895,educacao
3896,ciencia
3897,ciencia
3898,equilibrioesaude
3899,empreendedorsocial
3900,empreendedorsocial
3901,equilibrioesaude
3902,educacao
3903,equilibrioesaude
3904,sobretudo
3905,tec
3906,tec
3907,tec
3908,equilibrioesaude
3909,sobretudo
3910,sobretudo
3911,educacao
3912,educacao
3913,turismo
3914,tec
3915,tec
3916,tec
3917,educacao
3918,turismo
3919,equilibrioesaude
3920,tec
3921,ciencia
3922,equilibrioesaude
3923,educacao
3924,turismo
3925,tec
3926,tec
3927,turismo
3928,turismo
3929,ciencia
3930,equilibrioesaude
3931,tec
3932,sobretudo
3933,tec
3934,turismo
3935,sobretudo
3936,ambiente
3937,educacao
3938,educacao
3939,ciencia
3940,turismo
3941,educacao
3942,equilibrioesaude
3943,ambiente
3944,educacao
3945,tec
3946,ciencia
3947,ciencia
3948,tec
3949,turismo
3950,educacao
3951,ciencia
3952,turismo
3953,sobretudo
3954,empreendedorsocial
3955,tec
3956,turismo
3957,equilibrioesaude
3958,turismo
3959,tec
3960,tec
3961,turismo
3962,ciencia
3963,sobretudo
3964,ciencia
3965,tec
3966,empreendedorsocial
3967,equilibrioesaude
3968,ambiente
3969,equilibrioesaude
3970,turismo
3971,ambiente
3972,equilibrioesaude
3973,equilibrioesaude
3974,sobretudo
3975,sobretudo
3976,tec
3977,empreendedorsocial
3978,equilibrioesaude
3979,sobretudo
3980,comida
3981,turismo
3982,turismo
3983,comida
3984,equilibrioesaude
3985,equilibrioesaude
3986,educacao
3987,turismo
3988,turismo
3989,turismo
3990,tec
3991,equilibrioesaude
3992,equilibrioesaude
3993,equilibrioesaude
3994,turismo
3995,equilibrioesaude
3996,turismo
3997,turismo
3998,empreendedorsocial
3999,sobretudo
4000,sobretudo
4001,educacao
4002,tec
4003,comida
4004,comida
4005,ambiente
4006,turismo
4007,tec
4008,tec
4009,ciencia
4010,ciencia
4011,tec
4012,empreendedorsocial
4013,tec
4014,turismo
4015,ambiente
4016,tec
4017,turismo
4018,tec
4019,ambiente
4020,tec
4021,turismo
4022,sobretudo
4023,ciencia
4024,educacao
4025,tec
4026,turismo
4027,equilibrioesaude
4028,tec
4029,comida
4030,educacao
4031,sobretudo
4032,comida
4033,tec
4034,ciencia
4035,turismo
4036,educacao
4037,sobretudo
4038,ciencia
4039,educacao
4040,tec
4041,educacao
4042,equilibrioesaude
4043,comida
4044,ciencia
4045,tec
4046,comida
4047,tec
4048,ciencia
4049,turismo
4050,educacao
4051,educacao
4052,empreendedorsocial
4053,comida
4054,ciencia
4055,turismo
4056,educacao
4057,ciencia
4058,comida
4059,educacao
4060,empreendedorsocial
4061,educacao
4062,educacao
4063,turismo
4064,empreendedorsocial
4065,sobretudo
4066,tec
4067,tec
4068,equilibrioesaude
4069,turismo
4070,ambiente
4071,educacao
4072,ciencia
4073,sobretudo
4074,tec
4075,turismo
4076,empreendedorsocial
4077,educacao
4078,ciencia
4079,tec
4080,educacao
4081,tec
4082,educacao
4083,tec
4084,tec
4085,empreendedorsocial
4086,empreendedorsocial
4087,equilibrioesaude
4088,empreendedorsocial
4089,comida
4090,turismo
4091,equilibrioesaude
4092,tec
4093,turismo
4094,tec
4095,educacao
4096,equilibrioesaude
4097,sobretudo
4098,comida
4099,sobretudo
4100,empreendedorsocial
4101,tec
4102,turismo
4103,ciencia
4104,sobretudo
4105,ciencia
4106,equilibrioesaude
4107,educacao
4108,tec
4109,educacao
4110,educacao
4111,turismo
4112,turismo
4113,ambiente
4114,sobretudo
4115,ciencia
4116,tec
4117,tec
4118,equilibrioesaude
4119,empreendedorsocial
4120,turismo
4121,educacao
4122,turismo
4123,turismo
4124,turismo
4125,comida
4126,tec
4127,tec
4128,sobretudo
4129,ambiente
4130,sobretudo
4131,educacao
4132,tec
4133,turismo
4134,tec
4135,equilibrioesaude
4136,turismo
4137,educacao
4138,sobretudo
4139,sobretudo
4140,ambiente
4141,equilibrioesaude
4142,educacao
4143,ciencia
4144,ciencia
4145,turismo
4146,sobretudo
4147,turismo
4148,ciencia
4149,tec
4150,ciencia
4151,tec
4152,turismo
4153,educacao
4154,empreendedorsocial
4155,comida
4156,equilibrioesaude
4157,educacao
4158,equilibrioesaude
4159,equilibrioesaude
4160,tec
4161,ciencia
4162,turismo
4163,ciencia
4164,ciencia
4165,educacao
4166,comida
4167,sobretudo
4168,tec
4169,ambiente
4170,ciencia
4171,turismo
4172,educacao
4173,ciencia
4174,ciencia
4175,turismo
4176,educacao
4177,turismo
4178,educacao
4179,tec
4180,ciencia
4181,comida
4182,empreendedorsocial
4183,ciencia
4184,educacao
4185,ciencia
4186,educacao
4187,tec
4188,educacao
4189,tec
4190,turismo
4191,turismo
4192,empreendedorsocial
4193,comida
4194,ciencia
4195,turismo
4196,sobretudo
4197,tec
4198,equilibrioesaude
4199,ciencia
4200,turismo
4201,educacao
4202,empreendedorsocial
4203,turismo
4204,tec
4205,ciencia
4206,comida
4207,ciencia
4208,ciencia
4209,tec
4210,tec
4211,ciencia
4212,equilibrioesaude
4213,tec
4214,turismo
4215,sobretudo
4216,turismo
4217,empreendedorsocial
4218,equilibrioesaude
4219,educacao
4220,sobretudo
4221,ambiente
4222,ciencia
4223,sobretudo
4224,sobretudo
4225,empreendedorsocial
4226,educacao
4227,empreendedorsocial
4228,sobretudo
4229,turismo
4230,educacao
4231,tec
4232,tec
4233,empreendedorsocial
4234,tec
4235,equilibrioesaude
4236,equilibrioesaude
4237,sobretudo
4238,tec
4239,equilibrioesaude
4240,educacao
4241,turismo
4242,educacao
4243,ciencia
4244,tec
4245,turismo
4246,tec
4247,tec
4248,ciencia
4249,comida
4250,turismo
